brand_name,total_products,impressions,clicks,cart_adds,orders,units_sold,revenue,brand_ctr_pct,brand_click_to_cart_rate_pct,brand_click_to_purchase_rate_pct,revenue_per_impression,avg_price,avg_product_rating,total_catalog_reviews,total_loves,avg_return_rate_pct,avg_stockout_rate_pct,avg_positive_review_pct,avg_negative_review_pct,avg_ranking_score,hero_products,hidden_gems,high_visibility_low_conversion_products,return_review_risk_products,stockout_revenue_risk_products,brand_action_segment
Dermalogica,51,19727.0,5159.0,991.0,437.0,681.0,33212.13,26.15,19.21,8.47,1.68,60.29,4.52,24981.0,775916.0,4.48,1.19,84.56,4.57,3.71,23.0,0.0,2.0,5.0,0.0,Customer Experience Risk Brand
CLINIQUE,179,28080.0,6982.0,1318.0,558.0,885.0,29276.83,24.86,18.88,7.99,1.04,35.56,4.14,98449.0,3621186.0,3.17,8.92,36.43,8.55,3.09,39.0,6.0,8.0,22.0,0.0,Hidden Opportunity Brand
Kate Somerville,46,14141.0,3706.0,621.0,268.0,438.0,29174.75,26.21,16.76,7.23,2.06,75.74,4.3,16416.0,705869.0,3.45,1.08,76.19,11.67,3.74,19.0,0.0,1.0,7.0,0.0,Customer Experience Risk Brand
fresh,67,19068.0,4915.0,915.0,386.0,615.0,27561.5,25.78,18.62,7.85,1.45,41.82,4.24,55043.0,2450928.0,3.81,0.9,56.39,9.34,3.32,19.0,1.0,1.0,8.0,0.0,Customer Experience Risk Brand
Murad,50,16523.0,4111.0,741.0,325.0,550.0,26731.8,24.88,18.02,7.91,1.62,58.82,4.31,25256.0,883374.0,3.95,4.99,76.47,9.97,3.53,23.0,0.0,4.0,8.0,1.0,Conversion Problem Brand
Shiseido,71,15228.0,3879.0,653.0,263.0,435.0,23966.85,25.47,16.83,6.78,1.57,71.11,4.25,32370.0,1217212.0,2.77,0.95,54.81,8.88,3.41,15.0,0.0,3.0,12.0,0.0,Conversion Problem Brand
Peter Thomas Roth,63,15649.0,3757.0,635.0,269.0,403.0,20126.65,24.01,16.9,7.16,1.29,55.49,4.18,31391.0,1192996.0,2.68,7.4,69.35,13.06,3.43,22.0,0.0,5.0,10.0,0.0,Conversion Problem Brand
Supergoop!,40,18587.0,4521.0,813.0,349.0,556.0,19195.75,24.32,17.98,7.72,1.03,33.13,3.88,20582.0,1460176.0,5.74,6.08,61.3,18.5,3.37,20.0,0.0,4.0,9.0,0.0,Conversion Problem Brand
Kiehl's Since 1851,75,12185.0,3007.0,522.0,250.0,405.0,18951.25,24.68,17.36,8.31,1.56,43.55,4.26,25216.0,1666205.0,2.81,16.77,48.85,7.83,3.36,20.0,0.0,3.0,7.0,1.0,Conversion Problem Brand
Caudalie,43,9961.0,2539.0,460.0,209.0,324.0,18912.25,25.49,18.12,8.23,1.9,53.49,4.39,27086.0,1272843.0,3.84,3.64,71.75,7.44,3.61,19.0,0.0,3.0,4.0,0.0,Conversion Problem Brand
Glow Recipe,29,13296.0,3439.0,709.0,343.0,566.0,18010.4,25.86,20.62,9.97,1.35,33.55,4.35,33724.0,2771398.0,5.03,1.55,76.62,9.31,3.85,24.0,0.0,0.0,2.0,0.0,Normal Brand
Sunday Riley,30,10345.0,2672.0,483.0,208.0,312.0,17962.3,25.83,18.08,7.78,1.74,64.27,4.21,32998.0,1435389.0,3.57,1.47,64.42,12.47,3.62,16.0,0.0,2.0,2.0,0.0,Normal Brand
Youth To The People,27,10642.0,2791.0,492.0,203.0,343.0,17891.5,26.23,17.63,7.27,1.68,52.44,4.33,29086.0,1908215.0,1.66,1.31,82.45,10.31,3.74,13.0,0.0,1.0,3.0,0.0,Customer Experience Risk Brand
Dior,136,7942.0,2023.0,310.0,145.0,258.0,16834.48,25.47,15.32,7.17,2.12,72.79,4.22,61015.0,6230997.0,3.74,8.35,17.09,2.62,3.06,15.0,5.0,4.0,11.0,0.0,Hidden Opportunity Brand
Dr. Dennis Gross Skincare,33,9098.0,2294.0,391.0,159.0,261.0,16518.45,25.21,17.04,6.93,1.82,79.06,4.34,16135.0,890427.0,3.08,9.84,74.55,11.15,3.52,14.0,0.0,4.0,7.0,0.0,Conversion Problem Brand
La Mer,39,4146.0,984.0,117.0,49.0,81.0,15475.75,23.73,11.89,4.98,3.73,197.95,4.16,6502.0,422354.0,2.56,0.72,65.05,12.7,3.06,6.0,0.0,8.0,3.0,0.0,Conversion Problem Brand
Lancôme,81,10986.0,2510.0,373.0,158.0,238.0,15411.9,22.85,14.86,6.29,1.4,62.85,4.32,87754.0,2170627.0,3.89,20.72,29.88,3.96,3.1,14.0,0.0,7.0,6.0,1.0,Conversion Problem Brand
Charlotte Tilbury,99,11372.0,2805.0,467.0,196.0,315.0,15071.45,24.67,16.65,6.99,1.33,42.15,3.95,33347.0,7725055.0,2.0,3.18,12.51,3.46,3.09,14.0,1.0,4.0,11.0,0.0,Conversion Problem Brand
Paula's Choice,39,10787.0,2835.0,533.0,227.0,373.0,14068.05,26.28,18.8,8.01,1.3,39.0,4.41,6562.0,1206144.0,3.91,1.48,80.34,9.87,3.82,17.0,0.0,0.0,8.0,0.0,Customer Experience Risk Brand
Clarins,44,8707.0,1978.0,312.0,129.0,209.0,13970.6,22.72,15.77,6.52,1.6,68.32,4.18,7309.0,366526.0,5.01,9.97,50.96,10.61,3.09,9.0,1.0,7.0,8.0,0.0,Conversion Problem Brand
OLEHENRIKSEN,39,10836.0,2704.0,480.0,207.0,328.0,13782.55,24.95,17.75,7.66,1.27,42.56,4.31,27702.0,1419948.0,4.93,1.33,64.99,8.78,3.66,19.0,0.0,0.0,8.0,0.0,Customer Experience Risk Brand
Tatcha,52,7520.0,1951.0,373.0,156.0,258.0,13642.6,25.94,19.12,8.0,1.81,57.46,4.26,57075.0,3713079.0,6.06,7.33,61.33,9.32,3.37,15.0,0.0,1.0,8.0,0.0,Customer Experience Risk Brand
TOM FORD,100,4179.0,1056.0,135.0,60.0,96.0,12956.65,25.27,12.78,5.68,3.1,158.45,4.22,48648.0,1980258.0,3.33,11.82,0.0,0.0,3.03,1.0,3.0,1.0,5.0,0.0,Hidden Opportunity Brand
SEPHORA COLLECTION,352,27485.0,6742.0,1411.0,650.0,1015.0,12834.97,24.53,20.93,9.64,0.47,16.38,4.08,120986.0,12530142.0,1.64,18.09,20.05,4.73,2.9,27.0,33.0,4.0,30.0,0.0,Hidden Opportunity Brand
Drunk Elephant,56,9828.0,2284.0,394.0,161.0,270.0,12225.55,23.24,17.25,7.05,1.24,40.16,4.08,48530.0,3905253.0,6.34,11.91,51.75,10.23,3.2,19.0,0.0,7.0,7.0,0.0,Conversion Problem Brand
goop,32,7045.0,1657.0,268.0,112.0,189.0,12147.25,23.52,16.17,6.76,1.72,60.91,3.92,14634.0,126948.0,0.5,10.05,51.66,9.93,2.91,6.0,0.0,3.0,6.0,0.0,Conversion Problem Brand
Dr. Barbara Sturm,43,5197.0,1236.0,196.0,54.0,91.0,11727.25,23.78,15.86,4.37,2.26,174.88,4.01,6037.0,146847.0,2.59,5.47,64.7,16.76,2.76,2.0,1.0,10.0,11.0,0.0,Conversion Problem Brand
Farmacy,30,8442.0,2229.0,438.0,189.0,320.0,11551.5,26.4,19.65,8.48,1.37,39.33,4.42,34756.0,1529090.0,3.19,4.89,65.28,7.09,3.82,15.0,0.0,0.0,2.0,1.0,Normal Brand
Dr. Brandt Skincare,31,7789.0,1918.0,305.0,113.0,184.0,10596.35,24.62,15.9,5.89,1.36,70.77,4.03,7850.0,317273.0,5.43,7.37,65.37,14.55,2.96,7.0,0.0,2.0,8.0,0.0,Customer Experience Risk Brand
Biossance,25,7049.0,1728.0,307.0,134.0,224.0,10408.55,24.51,17.77,7.75,1.48,44.48,4.14,12526.0,1131608.0,10.1,5.09,69.93,13.53,3.44,14.0,0.0,3.0,4.0,0.0,Conversion Problem Brand
TULA Skincare,32,8606.0,2049.0,312.0,132.0,223.0,10075.8,23.81,15.23,6.44,1.17,46.84,4.18,4469.0,175327.0,4.89,4.1,73.75,7.09,3.12,9.0,0.0,3.0,5.0,0.0,Conversion Problem Brand
Kérastase,108,6723.0,1696.0,276.0,141.0,223.0,9989.0,25.23,16.27,8.31,1.49,47.35,4.25,14584.0,1360448.0,3.01,3.61,0.0,0.0,3.25,7.0,6.0,1.0,4.0,0.0,Hidden Opportunity Brand
Origins,40,9271.0,2450.0,436.0,172.0,285.0,9981.1,26.43,17.8,7.02,1.08,41.18,4.25,29170.0,1253868.0,5.78,1.03,76.84,11.15,3.56,14.0,0.0,5.0,3.0,0.0,Conversion Problem Brand
First Aid Beauty,42,9524.0,2432.0,454.0,197.0,304.0,9933.4,25.54,18.67,8.1,1.04,31.24,4.27,29233.0,1871404.0,6.95,5.58,58.5,8.62,3.5,18.0,0.0,3.0,8.0,0.0,Conversion Problem Brand
LANEIGE,27,9018.0,2286.0,434.0,193.0,313.0,9916.8,25.35,18.99,8.44,1.1,31.74,4.3,28027.0,2564259.0,1.38,4.84,78.74,10.96,3.61,14.0,0.0,1.0,1.0,1.0,Normal Brand
Hourglass,87,5837.0,1426.0,247.0,110.0,174.0,9479.45,24.43,17.32,7.71,1.62,51.75,4.22,57941.0,3851902.0,3.54,5.62,9.61,0.43,3.22,9.0,2.0,4.0,5.0,1.0,Conversion Problem Brand
Dr. Jart+,42,8842.0,2198.0,429.0,183.0,281.0,9247.65,24.86,19.52,8.33,1.05,26.64,4.22,24435.0,1215846.0,3.28,8.06,76.81,10.17,3.25,15.0,0.0,4.0,8.0,0.0,Conversion Problem Brand
SK-II,16,2184.0,566.0,80.0,34.0,65.0,9192.0,25.92,14.13,6.01,4.21,186.44,4.19,10748.0,349787.0,2.56,0.34,79.3,10.7,3.26,3.0,0.0,3.0,1.0,0.0,Conversion Problem Brand
IT Cosmetics,47,8309.0,2110.0,417.0,165.0,269.0,8842.42,25.39,19.76,7.82,1.06,33.96,4.14,21037.0,1237385.0,1.43,3.67,30.6,4.61,3.12,13.0,1.0,3.0,3.0,0.0,Conversion Problem Brand
Skinfix,27,6691.0,1748.0,325.0,147.0,228.0,8641.65,26.12,18.59,8.41,1.29,38.26,4.38,14076.0,828603.0,3.39,1.14,58.37,6.24,3.69,15.0,0.0,0.0,2.0,0.0,Normal Brand
Yves Saint Laurent,65,4514.0,1107.0,189.0,88.0,140.0,8550.6,24.52,17.07,7.95,1.89,79.25,4.48,49762.0,2753307.0,2.69,24.0,0.0,0.0,3.26,6.0,0.0,3.0,2.0,0.0,Conversion Problem Brand
StriVectin,25,6496.0,1593.0,226.0,85.0,130.0,8537.8,24.52,14.19,5.34,1.31,68.12,4.64,1245.0,99588.0,4.38,4.66,77.65,3.88,3.56,5.0,0.0,3.0,4.0,0.0,Conversion Problem Brand
Josie Maran,23,5864.0,1479.0,271.0,124.0,201.0,8407.25,25.22,18.32,8.38,1.43,38.78,4.32,23369.0,662168.0,2.96,5.72,47.27,5.09,3.53,13.0,0.0,2.0,2.0,0.0,Normal Brand
Tata Harper,32,4339.0,994.0,143.0,56.0,100.0,8185.05,22.91,14.39,5.63,1.89,107.56,4.12,4830.0,331699.0,7.81,3.8,64.09,14.0,3.13,10.0,0.0,7.0,4.0,0.0,Conversion Problem Brand
Herbivore,33,5551.0,1469.0,271.0,112.0,178.0,8180.9,26.46,18.45,7.62,1.47,45.27,4.18,10310.0,932107.0,1.43,1.03,67.96,13.64,3.48,9.0,1.0,1.0,4.0,0.0,Customer Experience Risk Brand
Algenist,33,5180.0,1279.0,191.0,76.0,117.0,8116.95,24.69,14.93,5.94,1.57,71.33,4.15,8779.0,391484.0,1.64,7.18,71.04,13.17,3.13,7.0,0.0,5.0,4.0,0.0,Conversion Problem Brand
Estée Lauder,47,5635.0,1380.0,228.0,93.0,133.0,8022.15,24.49,16.52,6.74,1.42,63.47,4.24,26710.0,1092968.0,1.01,5.43,56.74,6.69,3.23,14.0,0.0,9.0,3.0,0.0,Conversion Problem Brand
tarte,131,10876.0,2342.0,392.0,181.0,282.0,7931.4,21.53,16.74,7.73,0.73,24.95,3.97,67529.0,4995414.0,0.85,29.82,12.98,2.96,2.71,12.0,2.0,12.0,4.0,0.0,Conversion Problem Brand
Sulwhasoo,27,2461.0,669.0,115.0,49.0,77.0,7830.45,27.18,17.19,7.32,3.18,95.04,4.5,6252.0,201511.0,0.0,0.71,68.94,3.32,3.44,3.0,4.0,1.0,1.0,0.0,Hidden Opportunity Brand
Bobbi Brown,55,5570.0,1360.0,224.0,93.0,150.0,7698.55,24.42,16.47,6.84,1.38,46.69,4.23,32646.0,1966682.0,3.29,8.47,15.37,3.07,3.16,10.0,0.0,6.0,5.0,0.0,Conversion Problem Brand
Oribe,94,5301.0,1297.0,244.0,106.0,167.0,7618.05,24.47,18.81,8.17,1.44,46.28,4.18,11688.0,705927.0,2.46,2.71,0.0,0.0,3.12,10.0,2.0,2.0,2.0,0.0,Normal Brand
Fenty Skin,30,9472.0,2010.0,290.0,137.0,212.0,7133.55,21.22,14.43,6.82,0.75,31.27,4.22,5657.0,867135.0,9.58,13.94,53.75,7.61,3.29,11.0,2.0,2.0,3.0,2.0,Customer Experience Risk Brand
The INKEY List,47,13956.0,3542.0,776.0,335.0,552.0,7053.44,25.38,21.91,9.46,0.51,13.55,4.08,26229.0,2342059.0,3.41,3.64,66.12,10.52,3.46,21.0,0.0,1.0,8.0,0.0,Customer Experience Risk Brand
Maison Margiela,36,2784.0,718.0,109.0,42.0,71.0,7034.5,25.79,15.18,5.85,2.53,94.61,4.17,16734.0,999206.0,2.31,3.43,0.0,0.0,3.31,13.0,0.0,6.0,2.0,0.0,Conversion Problem Brand
Benefit Cosmetics,74,7606.0,1944.0,372.0,163.0,271.0,6931.45,25.56,19.14,8.38,0.91,24.57,4.17,112163.0,3816395.0,3.27,6.62,7.64,0.14,3.37,22.0,0.0,10.0,2.0,0.0,Conversion Problem Brand
Dr. Zenovia Skincare,13,4511.0,1152.0,214.0,95.0,165.0,6859.1,25.54,18.58,8.25,1.52,50.54,4.45,3313.0,54655.0,3.24,1.31,88.61,3.34,3.57,7.0,0.0,0.0,2.0,0.0,Normal Brand
Augustinus Bader,19,2537.0,647.0,94.0,32.0,46.0,6790.4,25.5,14.53,4.95,2.68,173.37,4.21,2729.0,74778.0,7.02,0.48,54.53,6.88,3.36,3.0,1.0,2.0,2.0,0.0,Normal Brand
Drybar,72,4513.0,1092.0,178.0,82.0,132.0,6709.7,24.2,16.3,7.51,1.49,66.38,4.01,12905.0,788426.0,2.57,3.66,0.0,0.0,2.98,8.0,0.0,3.0,2.0,0.0,Conversion Problem Brand
alpyn beauty,13,4557.0,1132.0,229.0,90.0,142.0,6476.85,24.84,20.23,7.95,1.42,44.85,4.64,2466.0,138131.0,4.07,8.22,83.54,4.51,3.78,5.0,2.0,1.0,2.0,0.0,Normal Brand
Armani Beauty,56,3940.0,921.0,135.0,54.0,95.0,6439.15,23.38,14.66,5.86,1.63,81.77,4.5,31331.0,1947268.0,2.83,22.21,0.0,0.0,3.09,4.0,0.0,5.0,1.0,0.0,Conversion Problem Brand
Smashbox,46,5417.0,1370.0,281.0,140.0,223.0,6375.35,25.29,20.51,10.22,1.18,29.96,4.22,42633.0,1646330.0,2.27,3.5,0.0,0.0,3.4,19.0,0.0,4.0,0.0,0.0,Conversion Problem Brand
Versace,39,2820.0,690.0,116.0,53.0,96.0,6333.3,24.47,16.81,7.68,2.25,68.77,4.4,11357.0,735379.0,3.21,11.08,0.0,0.0,3.35,15.0,0.0,5.0,1.0,0.0,Conversion Problem Brand
Laura Mercier,55,6032.0,1464.0,254.0,100.0,168.0,6105.25,24.27,17.35,6.83,1.01,37.44,4.13,59396.0,3384861.0,3.44,11.98,0.0,0.0,3.06,12.0,0.0,12.0,2.0,0.0,Conversion Problem Brand
PAT McGRATH LABS,50,3981.0,936.0,152.0,56.0,98.0,6000.2,23.51,16.24,5.98,1.51,56.34,4.23,13379.0,1926420.0,0.0,7.14,0.0,0.0,3.03,8.0,0.0,4.0,0.0,0.0,Conversion Problem Brand
Moroccanoil,91,5744.0,1448.0,264.0,128.0,206.0,5898.3,25.21,18.23,8.84,1.03,33.57,4.09,37244.0,1765009.0,5.31,4.29,0.0,0.0,3.15,11.0,0.0,3.0,5.0,0.0,Conversion Problem Brand
MILK MAKEUP,49,6078.0,1564.0,312.0,129.0,205.0,5845.0,25.73,19.95,8.25,0.96,27.88,3.97,57062.0,2891914.0,7.29,3.56,13.03,2.01,3.33,18.0,0.0,5.0,6.0,0.0,Conversion Problem Brand
Saint Jane Beauty,10,2534.0,678.0,114.0,48.0,87.0,5787.6,26.76,16.81,7.08,2.28,62.8,4.6,1149.0,65583.0,1.25,0.99,62.18,4.31,3.79,4.0,0.0,0.0,0.0,0.0,Normal Brand
REN Clean Skincare,25,3584.0,902.0,161.0,75.0,118.0,5719.25,25.17,17.85,8.31,1.6,47.72,4.29,9988.0,445987.0,0.67,4.88,69.83,7.97,3.3,9.0,3.0,0.0,1.0,0.0,Hidden Opportunity Brand
Givenchy,38,2982.0,736.0,132.0,54.0,96.0,5670.9,24.68,17.93,7.34,1.9,68.66,4.39,14519.0,849396.0,4.76,8.81,0.0,0.0,3.37,14.0,0.0,8.0,2.0,0.0,Conversion Problem Brand
Summer Fridays,16,2913.0,745.0,153.0,74.0,116.0,5620.65,25.58,20.54,9.93,1.93,42.25,4.26,15623.0,1172300.0,2.08,7.72,66.0,10.01,3.25,6.0,0.0,3.0,1.0,0.0,Conversion Problem Brand
Nécessaire,17,4310.0,1110.0,248.0,109.0,182.0,5614.05,25.75,22.34,9.82,1.3,32.88,4.38,6336.0,536529.0,1.6,1.27,10.72,0.53,3.45,9.0,0.0,1.0,1.0,0.0,Normal Brand
FaceGym,19,3427.0,850.0,130.0,53.0,81.0,5516.8,24.8,15.29,6.24,1.61,80.58,4.59,1012.0,44512.0,1.75,5.7,78.48,2.74,3.47,6.0,1.0,1.0,1.0,1.0,Normal Brand
Gucci,58,3674.0,910.0,148.0,64.0,96.0,5442.1,24.77,16.26,7.03,1.48,75.36,4.16,19170.0,1235024.0,2.3,7.97,1.61,0.03,3.13,6.0,0.0,6.0,2.0,0.0,Conversion Problem Brand
COOLA,19,6152.0,1499.0,271.0,98.0,153.0,5390.0,24.37,18.08,6.54,0.88,36.95,4.06,2271.0,177623.0,5.09,11.06,70.5,16.95,3.29,8.0,0.0,1.0,2.0,0.0,Normal Brand
Dr. Lara Devgan Scientific Beauty,10,1740.0,445.0,55.0,21.0,34.0,5228.25,25.57,12.36,4.72,3.0,132.5,3.83,1854.0,46429.0,0.0,0.55,44.54,3.07,3.32,1.0,0.0,0.0,0.0,0.0,Normal Brand
Kosas,23,4829.0,1295.0,256.0,120.0,195.0,5123.55,26.82,19.77,9.27,1.06,27.48,3.96,13064.0,1845104.0,1.87,5.31,7.33,0.82,3.48,12.0,0.0,2.0,1.0,0.0,Normal Brand
Too Faced,62,5418.0,1308.0,251.0,111.0,173.0,5045.55,24.14,19.19,8.49,0.93,30.92,4.08,100891.0,4865557.0,5.07,14.34,0.0,0.0,3.15,13.0,0.0,3.0,4.0,0.0,Conversion Problem Brand
HUDA BEAUTY,59,4770.0,1210.0,239.0,98.0,157.0,5030.6,25.37,19.75,8.1,1.05,30.78,4.04,27563.0,3356766.0,4.22,5.89,0.0,0.0,3.23,12.0,0.0,3.0,5.0,0.0,Conversion Problem Brand
Urban Decay,59,4531.0,1072.0,212.0,100.0,176.0,5021.5,23.66,19.78,9.33,1.11,29.2,4.17,104549.0,5730058.0,6.09,17.88,0.0,0.0,3.11,16.0,0.0,6.0,4.0,0.0,Conversion Problem Brand
Fenty Beauty by Rihanna,82,5041.0,1183.0,214.0,96.0,168.0,4875.65,23.47,18.09,8.11,0.97,29.9,4.03,77185.0,9369443.0,4.47,14.86,0.0,0.0,3.04,9.0,0.0,7.0,5.0,0.0,Conversion Problem Brand
ROSE INC,31,3816.0,973.0,173.0,76.0,124.0,4854.6,25.5,17.78,7.81,1.27,33.32,4.42,5175.0,310409.0,2.96,0.72,21.91,2.29,3.35,8.0,4.0,1.0,2.0,0.0,Hidden Opportunity Brand
JLo Beauty,11,3024.0,773.0,141.0,54.0,89.0,4814.3,25.56,18.24,6.99,1.59,57.91,4.13,3400.0,77467.0,6.49,0.87,57.05,7.0,3.31,3.0,0.0,0.0,4.0,0.0,Customer Experience Risk Brand
Briogeo,56,4472.0,1163.0,225.0,95.0,155.0,4808.6,26.01,19.35,8.17,1.08,33.14,4.05,24001.0,1731918.0,5.42,3.37,0.0,0.0,3.27,12.0,0.0,5.0,5.0,0.0,Conversion Problem Brand
Viktor&Rolf,21,2638.0,680.0,100.0,39.0,57.0,4732.45,25.78,14.71,5.74,1.79,105.76,4.49,21082.0,569451.0,10.32,6.0,0.0,0.0,3.62,5.0,0.0,4.0,5.0,0.0,Conversion Problem Brand
NARS,67,5766.0,1370.0,228.0,99.0,148.0,4635.2,23.76,16.64,7.23,0.8,31.25,4.07,80900.0,7442525.0,2.34,5.52,0.0,0.0,3.07,12.0,0.0,5.0,2.0,0.0,Conversion Problem Brand
GUERLAIN,41,2532.0,613.0,80.0,35.0,50.0,4481.6,24.21,13.05,5.71,1.77,99.56,4.11,7320.0,529564.0,1.44,8.4,18.18,3.81,2.86,3.0,4.0,2.0,3.0,0.0,Hidden Opportunity Brand
BeautyBio,33,2866.0,696.0,102.0,36.0,59.0,4455.7,24.28,14.66,5.17,1.55,86.94,4.09,1497.0,193225.0,0.51,0.86,64.16,16.57,3.05,3.0,4.0,1.0,7.0,0.0,Hidden Opportunity Brand
ILIA,31,3845.0,964.0,162.0,72.0,110.0,4348.8,25.07,16.8,7.47,1.13,32.77,4.02,22071.0,2037365.0,0.92,7.89,4.75,0.83,3.03,6.0,0.0,1.0,1.0,0.0,Normal Brand
Peace Out,15,4639.0,1196.0,232.0,106.0,166.0,4321.15,25.78,19.4,8.86,0.93,26.93,4.26,10964.0,707864.0,0.97,1.13,81.29,11.79,3.53,10.0,0.0,0.0,1.0,0.0,Normal Brand
Anastasia Beverly Hills,95,4853.0,1279.0,243.0,110.0,175.0,4245.5,26.35,19.0,8.6,0.87,28.27,4.23,106085.0,7941142.0,3.04,8.56,0.94,0.08,3.24,3.0,1.0,0.0,5.0,0.0,Customer Experience Risk Brand
Bumble and bumble,110,4892.0,1265.0,243.0,97.0,144.0,4222.7,25.86,19.21,7.67,0.86,29.68,4.07,34402.0,1451015.0,4.24,1.93,0.0,0.0,3.14,1.0,4.0,1.0,7.0,0.0,Hidden Opportunity Brand
KORA Organics,19,2302.0,568.0,105.0,46.0,73.0,4158.4,24.67,18.49,8.1,1.81,52.63,4.14,7688.0,278084.0,1.64,0.72,65.45,8.56,3.05,5.0,0.0,0.0,2.0,0.0,Normal Brand
Jack Black,48,4804.0,1191.0,222.0,98.0,149.0,4043.85,24.79,18.64,8.23,0.84,27.92,4.38,7576.0,365704.0,2.0,0.9,12.2,2.2,3.28,12.0,8.0,3.0,2.0,0.0,Hidden Opportunity Brand
KORRES,10,2429.0,642.0,126.0,57.0,88.0,4020.6,26.43,19.63,8.88,1.66,43.3,4.34,13748.0,115708.0,20.0,0.79,82.89,8.68,3.25,3.0,0.0,0.0,2.0,0.0,Normal Brand
Vegamour,23,2338.0,619.0,111.0,43.0,62.0,3975.4,26.48,17.93,6.95,1.7,59.83,4.35,8772.0,196812.0,12.32,0.79,0.0,0.0,3.38,5.0,2.0,3.0,1.0,0.0,Conversion Problem Brand
Shani Darden Skin Care,11,1426.0,386.0,70.0,35.0,61.0,3915.0,27.07,18.13,9.07,2.75,261.27,4.37,3359.0,143675.0,11.67,1.77,77.63,8.99,3.55,4.0,1.0,0.0,3.0,0.0,Customer Experience Risk Brand
The Ordinary,54,6800.0,1728.0,377.0,192.0,306.0,3875.78,25.41,21.82,11.11,0.57,12.43,4.11,42222.0,7449373.0,2.58,10.57,64.86,11.9,3.29,16.0,0.0,2.0,3.0,0.0,Customer Experience Risk Brand
MAKE UP FOR EVER,74,4411.0,1102.0,187.0,77.0,136.0,3874.8,24.98,16.97,6.99,0.88,33.26,4.27,32961.0,2605352.0,4.05,7.81,0.0,0.0,3.24,2.0,0.0,2.0,5.0,0.0,Customer Experience Risk Brand
Marc Jacobs Fragrances,29,3050.0,660.0,88.0,29.0,43.0,3851.65,21.64,13.33,4.39,1.26,79.86,4.43,17019.0,631698.0,5.46,28.48,0.0,0.0,2.99,5.0,0.0,12.0,1.0,0.0,Conversion Problem Brand
OUAI,55,3774.0,971.0,175.0,74.0,113.0,3843.3,25.73,18.02,7.62,1.02,34.67,4.1,23653.0,1689658.0,8.79,2.96,0.0,0.0,3.15,7.0,0.0,6.0,4.0,0.0,Conversion Problem Brand
Virtue,52,2788.0,715.0,143.0,59.0,89.0,3835.45,25.65,20.0,8.25,1.38,37.62,4.07,3585.0,187960.0,1.6,0.96,0.0,0.0,3.02,10.0,5.0,3.0,2.0,0.0,Hidden Opportunity Brand
Pureology,44,3211.0,819.0,147.0,68.0,109.0,3753.35,25.51,17.95,8.3,1.17,37.86,4.4,35177.0,342113.0,1.96,10.28,0.0,0.0,3.28,9.0,0.0,5.0,2.0,0.0,Conversion Problem Brand
innisfree,18,5176.0,1329.0,233.0,101.0,161.0,3701.35,25.68,17.53,7.6,0.72,21.28,4.26,4214.0,432067.0,2.81,1.23,80.17,13.03,3.56,6.0,1.0,0.0,4.0,0.0,Customer Experience Risk Brand
Mario Badescu,42,6527.0,1488.0,258.0,105.0,170.0,3658.4,22.8,17.34,7.06,0.56,18.48,3.95,2181.0,408969.0,4.25,12.4,63.88,19.79,2.94,5.0,3.0,5.0,10.0,0.0,Hidden Opportunity Brand
belif,14,3150.0,772.0,147.0,71.0,108.0,3598.95,24.51,19.04,9.2,1.14,35.57,4.35,23575.0,687051.0,2.73,9.16,72.08,4.55,3.41,6.0,2.0,0.0,1.0,0.0,Normal Brand
Moon Juice,17,3458.0,839.0,149.0,62.0,102.0,3475.2,24.26,17.76,7.39,1.0,45.18,4.15,2463.0,149698.0,2.32,6.43,64.6,14.81,2.77,3.0,1.0,2.0,2.0,0.0,Normal Brand
NEST New York,115,1975.0,511.0,81.0,40.0,62.0,3443.5,25.87,15.85,7.83,1.74,50.91,4.26,7117.0,577461.0,1.74,9.33,0.0,0.0,2.86,0.0,19.0,0.0,2.0,0.0,Hidden Opportunity Brand
Living Proof,49,3117.0,796.0,151.0,73.0,108.0,3442.55,25.54,18.97,9.17,1.1,32.86,4.32,19555.0,734515.0,1.19,3.31,0.0,0.0,3.36,8.0,0.0,5.0,0.0,0.0,Conversion Problem Brand
MARA,10,1396.0,347.0,52.0,28.0,44.0,3402.6,24.86,14.99,8.07,2.44,65.8,4.82,807.0,21680.0,0.0,1.1,95.4,1.38,3.33,4.0,0.0,0.0,0.0,0.0,Normal Brand
FOREO,19,1326.0,336.0,46.0,11.0,17.0,3283.7,25.34,13.69,3.27,2.48,145.89,4.0,1161.0,148222.0,0.0,5.77,72.65,16.64,2.86,1.0,2.0,0.0,4.0,0.0,Customer Experience Risk Brand
bareMinerals,22,3071.0,765.0,139.0,66.0,105.0,3272.45,24.91,18.17,8.63,1.07,27.82,4.22,23526.0,749945.0,5.81,1.61,4.06,0.09,3.48,12.0,0.0,1.0,1.0,0.0,Normal Brand
iNNBEAUTY PROJECT,15,4159.0,883.0,166.0,67.0,110.0,3244.7,21.23,18.8,7.59,0.78,29.6,4.53,2769.0,233422.0,3.33,14.34,87.92,7.31,3.43,7.0,1.0,1.0,0.0,1.0,Normal Brand
Sol de Janeiro,43,4049.0,889.0,174.0,75.0,110.0,3242.4,21.96,19.57,8.44,0.8,28.93,4.2,35401.0,3442913.0,7.27,17.32,1.74,0.32,3.09,15.0,0.0,9.0,3.0,0.0,Conversion Problem Brand
Soleil Toujours,7,1923.0,505.0,91.0,39.0,65.0,3124.5,26.26,18.02,7.72,1.62,49.43,4.56,99.0,11544.0,4.16,1.45,35.95,2.86,3.86,4.0,0.0,0.0,1.0,0.0,Normal Brand
NUDESTIX,45,2869.0,676.0,144.0,56.0,98.0,3092.75,23.56,21.3,8.28,1.08,33.11,4.26,5713.0,756265.0,0.28,3.21,9.37,0.64,3.12,7.0,3.0,2.0,0.0,0.0,Hidden Opportunity Brand
SOBEL SKIN Rx,6,1081.0,267.0,37.0,18.0,33.0,3087.25,24.7,13.86,6.74,2.86,81.83,4.42,313.0,14643.0,1.52,0.82,70.94,6.88,3.15,2.0,0.0,0.0,0.0,0.0,Normal Brand
Alpha-H,9,1681.0,398.0,73.0,29.0,46.0,3080.7,23.68,18.34,7.29,1.83,64.11,4.38,1265.0,62817.0,1.59,1.8,84.21,9.28,3.35,4.0,1.0,0.0,0.0,0.0,Normal Brand
ROSE Ingleton MD,8,1678.0,436.0,81.0,33.0,46.0,3062.5,25.98,18.58,7.57,1.83,58.13,4.4,250.0,19138.0,1.25,1.51,82.8,3.08,3.76,3.0,1.0,0.0,0.0,0.0,Normal Brand
KILIAN Paris,29,979.0,237.0,32.0,15.0,24.0,2931.0,24.21,13.5,6.33,2.99,193.45,4.13,6146.0,529273.0,3.45,0.6,0.0,0.0,2.79,0.0,1.0,0.0,1.0,0.0,Normal Brand
PATRICK TA,31,3508.0,805.0,142.0,60.0,93.0,2809.1,22.95,17.64,7.45,0.8,33.94,4.43,13983.0,1210440.0,1.05,17.0,0.0,0.0,3.26,9.0,0.0,5.0,0.0,0.0,Conversion Problem Brand
Nutrafol,10,1119.0,280.0,42.0,23.0,35.0,2798.55,25.02,15.0,8.21,2.5,70.5,4.72,1433.0,31388.0,5.0,0.93,0.0,0.0,3.44,3.0,2.0,0.0,0.0,0.0,Normal Brand
NuFACE,15,1190.0,268.0,25.0,7.0,10.0,2776.15,22.52,9.33,2.61,2.33,288.27,3.69,495.0,65685.0,0.0,20.38,49.91,25.29,2.46,0.0,0.0,4.0,5.0,0.0,Conversion Problem Brand
MACRENE actives,5,1099.0,281.0,29.0,11.0,20.0,2752.5,25.57,10.32,3.91,2.5,147.0,4.89,114.0,1505.0,0.0,0.44,95.81,1.03,3.87,1.0,0.0,0.0,0.0,0.0,Normal Brand
Glossier,33,3937.0,993.0,160.0,68.0,116.0,2725.4,25.22,16.11,6.85,0.69,23.55,3.89,2327.0,732666.0,2.13,3.71,29.75,7.67,3.03,6.0,1.0,1.0,4.0,0.0,Customer Experience Risk Brand
Rare Beauty by Selena Gomez,40,3523.0,859.0,193.0,83.0,135.0,2719.35,24.38,22.47,9.66,0.77,21.68,4.31,32145.0,5724687.0,3.44,6.11,0.0,0.0,3.37,12.0,0.0,5.0,3.0,0.0,Conversion Problem Brand
HUM Nutrition,29,2509.0,625.0,125.0,58.0,97.0,2715.2,24.91,20.0,9.28,1.08,30.0,4.28,5447.0,378442.0,0.98,4.74,68.24,9.03,3.12,5.0,3.0,0.0,0.0,0.0,Hidden Opportunity Brand
amika,49,2324.0,556.0,116.0,48.0,79.0,2649.5,23.92,20.86,8.63,1.14,44.96,4.04,8761.0,1070493.0,1.77,15.22,0.0,0.0,2.85,6.0,3.0,3.0,1.0,0.0,Hidden Opportunity Brand
Jo Malone London,88,1478.0,325.0,40.0,21.0,31.0,2482.9,21.99,12.31,6.46,1.68,100.51,3.94,3951.0,789427.0,1.14,7.39,0.0,0.0,2.46,0.0,7.0,0.0,1.0,1.0,Hidden Opportunity Brand
Curlsmith,51,2720.0,673.0,122.0,48.0,84.0,2412.4,24.74,18.13,7.13,0.89,31.35,4.52,1259.0,57029.0,1.14,4.59,0.0,0.0,3.1,3.0,12.0,0.0,2.0,0.0,Hidden Opportunity Brand
KVD Beauty,36,3564.0,800.0,135.0,55.0,85.0,2305.79,22.45,16.88,6.88,0.65,30.15,3.95,68248.0,2347195.0,1.16,18.14,0.0,0.0,2.97,9.0,0.0,7.0,0.0,0.0,Conversion Problem Brand
CAY SKIN,6,2233.0,585.0,116.0,51.0,80.0,2203.4,26.2,19.83,8.72,0.99,28.0,4.51,805.0,64909.0,1.67,0.55,70.66,8.89,3.83,4.0,1.0,0.0,0.0,0.0,Normal Brand
The Outset,8,1229.0,319.0,58.0,28.0,50.0,2107.7,25.96,18.18,8.78,1.71,43.25,4.64,1164.0,32911.0,6.25,2.47,91.13,3.28,3.53,5.0,0.0,0.0,1.0,0.0,Normal Brand
Natasha Denona,40,1836.0,457.0,75.0,33.0,51.0,2068.2,24.89,16.41,7.22,1.13,42.4,4.21,6844.0,1100564.0,0.0,18.56,0.0,0.0,2.95,5.0,3.0,1.0,0.0,0.0,Hidden Opportunity Brand
beautyblender,22,3174.0,819.0,154.0,62.0,96.0,2052.65,25.8,18.8,7.57,0.65,24.59,4.24,28331.0,1290675.0,4.21,5.55,0.0,0.0,3.32,8.0,0.0,7.0,1.0,0.0,Conversion Problem Brand
Community Sixty-Six,9,2808.0,700.0,136.0,58.0,91.0,2020.0,24.93,19.43,8.29,0.72,22.89,3.98,1018.0,13855.0,3.63,2.31,73.01,14.87,3.25,6.0,0.0,0.0,2.0,0.0,Normal Brand
Saie,17,2909.0,713.0,119.0,46.0,70.0,2012.45,24.51,16.69,6.45,0.69,26.53,4.34,6350.0,888977.0,3.88,12.88,4.21,0.87,3.23,5.0,2.0,1.0,1.0,0.0,Normal Brand
T3,26,497.0,117.0,22.0,8.0,15.0,1940.67,23.54,18.8,6.84,3.9,131.03,4.09,2093.0,178430.0,9.62,0.58,0.0,0.0,2.73,0.0,3.0,0.0,3.0,0.0,Hidden Opportunity Brand
CHANEL,46,979.0,246.0,32.0,14.0,20.0,1910.0,25.13,13.01,5.69,1.95,114.83,4.37,4296.0,1296407.0,2.17,5.19,0.0,0.0,2.82,0.0,8.0,1.0,1.0,0.0,Hidden Opportunity Brand
The Nue Co.,12,1281.0,304.0,41.0,21.0,34.0,1831.3,23.73,13.49,6.91,1.43,50.67,4.59,957.0,34974.0,0.0,0.57,66.08,3.55,3.3,3.0,2.0,1.0,0.0,0.0,Normal Brand
Valentino,30,760.0,193.0,32.0,19.0,31.0,1763.3,25.39,16.58,9.84,2.32,77.53,4.37,12135.0,590509.0,1.67,7.53,0.0,0.0,3.19,0.0,6.0,0.0,0.0,0.0,Hidden Opportunity Brand
Wishful,10,1955.0,467.0,71.0,33.0,51.0,1754.95,23.89,15.2,7.07,0.9,40.8,4.23,6771.0,208267.0,5.0,1.94,80.93,12.4,3.14,2.0,0.0,0.0,2.0,0.0,Normal Brand
TAN-LUXE,15,1252.0,307.0,59.0,23.0,36.0,1732.9,24.52,19.22,7.49,1.38,46.13,3.86,1500.0,198723.0,1.33,1.1,63.28,16.73,2.93,5.0,0.0,0.0,3.0,0.0,Customer Experience Risk Brand
Hyper Skin,5,1462.0,371.0,70.0,29.0,40.0,1703.2,25.38,18.87,7.82,1.16,41.8,4.31,332.0,37707.0,4.0,1.32,85.21,10.08,3.69,2.0,0.0,0.0,1.0,0.0,Normal Brand
Verb,44,1674.0,412.0,80.0,42.0,80.0,1656.5,24.61,19.42,10.19,0.99,23.07,4.18,12090.0,554493.0,2.27,3.41,0.0,0.0,3.08,5.0,7.0,3.0,1.0,0.0,Hidden Opportunity Brand
ALTERNA Haircare,45,1596.0,383.0,65.0,30.0,45.0,1585.85,24.0,16.97,7.83,0.99,37.84,4.27,8673.0,311718.0,1.11,12.15,0.0,0.0,2.85,4.0,4.0,2.0,1.0,0.0,Hidden Opportunity Brand
HERMÈS,31,577.0,171.0,24.0,8.0,15.0,1580.05,29.64,14.04,4.68,2.74,117.03,4.3,2173.0,246447.0,0.0,10.23,0.0,0.0,2.77,0.0,2.0,0.0,0.0,0.0,Normal Brand
Ellis Brooklyn,38,724.0,150.0,34.0,16.0,21.0,1561.8,20.72,22.67,10.67,2.16,69.03,4.12,3737.0,221682.0,0.88,0.94,0.0,0.0,2.56,0.0,3.0,0.0,1.0,0.0,Hidden Opportunity Brand
Freck Beauty,11,1307.0,324.0,66.0,30.0,52.0,1556.0,24.79,20.37,9.26,1.19,27.73,4.33,2797.0,198484.0,7.2,1.3,15.84,1.33,3.22,4.0,1.0,1.0,2.0,0.0,Normal Brand
St. Tropez,21,1358.0,359.0,71.0,29.0,41.0,1519.9,26.44,19.78,8.08,1.12,34.9,4.05,5621.0,207860.0,5.75,5.87,55.1,16.5,3.14,4.0,2.0,2.0,4.0,0.0,Customer Experience Risk Brand
shu uemura,43,924.0,233.0,46.0,17.0,27.0,1433.4,25.22,19.74,7.3,1.55,54.93,4.41,5978.0,159120.0,0.0,0.63,0.0,0.0,2.93,1.0,14.0,0.0,0.0,0.0,Hidden Opportunity Brand
Kate McLeod,12,1206.0,333.0,75.0,34.0,50.0,1400.55,27.61,22.52,10.21,1.16,31.25,4.75,1089.0,29383.0,3.75,1.03,7.71,0.25,3.82,6.0,0.0,0.0,1.0,0.0,Normal Brand
HABIT,3,1431.0,393.0,81.0,32.0,47.0,1395.0,27.46,20.61,8.14,0.97,30.0,4.52,454.0,23952.0,12.5,0.64,87.68,10.02,3.92,2.0,0.0,0.0,1.0,0.0,Normal Brand
Wander Beauty,13,768.0,199.0,40.0,22.0,41.0,1365.7,25.91,20.1,11.06,1.78,28.77,4.2,2193.0,199409.0,1.54,1.1,17.41,2.11,3.06,3.0,0.0,0.0,0.0,0.0,Normal Brand
Iconic London,19,1333.0,320.0,55.0,26.0,48.0,1331.3,24.01,17.19,8.13,1.0,28.84,4.18,1225.0,318893.0,7.46,11.87,9.37,0.88,2.92,4.0,0.0,2.0,1.0,0.0,Normal Brand
Tower 28 Beauty,13,855.0,252.0,51.0,25.0,47.0,1315.8,29.47,20.24,9.92,1.54,19.77,4.34,6768.0,1195039.0,0.43,8.96,17.41,3.62,3.04,1.0,1.0,0.0,0.0,0.0,Normal Brand
DAMDAM,8,1252.0,328.0,56.0,17.0,29.0,1315.55,26.2,17.07,5.18,1.05,48.13,4.75,1127.0,33173.0,5.0,0.93,95.17,1.31,3.63,2.0,0.0,1.0,0.0,0.0,Normal Brand
IGK,42,1766.0,434.0,79.0,32.0,47.0,1310.95,24.58,18.2,7.37,0.74,28.57,3.99,8650.0,391224.0,3.57,15.06,0.0,0.0,2.73,4.0,0.0,4.0,2.0,0.0,Conversion Problem Brand
RANAVAT,13,914.0,223.0,33.0,15.0,20.0,1289.2,24.4,14.8,6.73,1.41,66.77,4.56,1630.0,39422.0,0.0,0.76,55.95,2.18,3.29,3.0,1.0,0.0,0.0,0.0,Normal Brand
Slip,16,1660.0,388.0,59.0,21.0,34.0,1279.2,23.37,15.21,5.41,0.77,59.06,3.67,1536.0,410068.0,1.09,6.78,17.55,6.08,2.32,0.0,0.0,0.0,4.0,0.0,Customer Experience Risk Brand
Commodity,48,851.0,236.0,30.0,14.0,19.0,1235.9,27.73,12.71,5.93,1.45,80.67,4.32,1748.0,164230.0,0.0,0.62,0.0,0.0,2.88,0.0,11.0,0.0,0.0,0.0,Hidden Opportunity Brand
Naturally Serious,11,1154.0,309.0,53.0,25.0,38.0,1223.9,26.78,17.15,8.09,1.06,32.36,4.5,1407.0,40650.0,1.82,1.35,88.37,6.85,3.45,4.0,1.0,0.0,1.0,0.0,Normal Brand
WASO,8,1467.0,336.0,66.0,27.0,40.0,1205.65,22.9,19.64,8.04,0.82,34.5,4.44,3680.0,26114.0,2.08,38.32,86.62,3.51,2.93,1.0,0.0,0.0,1.0,1.0,Normal Brand
Danessa Myricks Beauty,24,1180.0,298.0,54.0,23.0,37.0,1186.0,25.25,18.12,7.72,1.01,33.54,4.35,4410.0,913093.0,1.81,5.32,3.73,0.31,2.94,2.0,4.0,0.0,1.0,0.0,Hidden Opportunity Brand
The 7 Virtues,24,563.0,154.0,28.0,14.0,19.0,1149.0,27.35,18.18,9.09,2.04,61.08,4.38,4975.0,267887.0,4.17,5.15,0.0,0.0,3.22,0.0,7.0,0.0,1.0,0.0,Hidden Opportunity Brand
AERIN,24,372.0,96.0,20.0,6.0,12.0,1135.0,25.81,20.83,6.25,3.05,103.33,4.0,1364.0,142960.0,0.0,9.2,0.0,0.0,2.6,0.0,1.0,0.0,0.0,0.0,Normal Brand
Juliette Has a Gun,32,638.0,153.0,27.0,11.0,17.0,1125.9,23.98,17.65,7.19,1.76,80.53,3.91,7308.0,402043.0,0.0,3.82,0.0,0.0,2.57,0.0,2.0,0.0,0.0,0.0,Normal Brand
By Rosie Jane,45,1034.0,255.0,36.0,17.0,26.0,1116.85,24.66,14.12,6.67,1.08,43.2,4.2,1737.0,105501.0,2.22,3.07,0.0,0.0,2.73,1.0,5.0,2.0,1.0,0.0,Hidden Opportunity Brand
caliray,12,796.0,227.0,49.0,24.0,37.0,1094.25,28.52,21.59,10.57,1.37,31.42,4.46,2016.0,184139.0,1.19,9.22,7.64,0.35,3.61,5.0,1.0,0.0,0.0,0.0,Normal Brand
Acqua di Parma,15,229.0,57.0,13.0,6.0,10.0,1091.45,24.89,22.81,10.53,4.77,125.4,4.13,282.0,35576.0,10.0,7.12,0.0,0.0,3.03,0.0,4.0,0.0,1.0,0.0,Hidden Opportunity Brand
BondiBoost,34,1385.0,359.0,57.0,21.0,41.0,1087.59,25.92,15.88,5.85,0.79,28.62,4.78,7897.0,244344.0,0.0,4.21,0.0,0.0,3.19,2.0,9.0,1.0,0.0,0.0,Hidden Opportunity Brand
COLOR WOW,33,1163.0,306.0,61.0,26.0,43.0,1016.25,26.31,19.93,8.5,0.87,23.89,4.09,4645.0,452286.0,1.52,0.91,0.0,0.0,3.01,2.0,3.0,0.0,1.0,0.0,Hidden Opportunity Brand
MAKEUP BY MARIO,35,1122.0,262.0,51.0,23.0,37.0,993.3,23.35,19.47,8.78,0.89,29.86,4.02,5125.0,1998487.0,1.43,6.8,0.0,0.0,2.55,2.0,3.0,0.0,1.0,0.0,Hidden Opportunity Brand
ONE/SIZE by Patrick Starrr,29,978.0,235.0,45.0,23.0,37.0,985.1,24.03,19.15,9.79,1.01,26.14,4.28,10196.0,839117.0,0.0,8.06,5.45,1.12,2.88,2.0,2.0,0.0,0.0,0.0,Normal Brand
Paco Rabanne,15,273.0,69.0,11.0,6.0,9.0,983.1,25.27,15.94,8.7,3.6,99.87,4.39,1450.0,78196.0,0.0,7.01,0.0,0.0,2.99,0.0,4.0,0.0,0.0,0.0,Hidden Opportunity Brand
DERMAFLASH,5,315.0,92.0,11.0,5.0,7.0,973.2,29.21,11.96,5.43,3.09,96.6,4.05,512.0,106261.0,0.0,1.48,55.7,14.64,3.29,1.0,0.0,0.0,0.0,0.0,Normal Brand
JVN,17,1231.0,312.0,59.0,25.0,45.0,968.35,25.35,18.91,8.01,0.79,22.65,3.99,5615.0,336869.0,3.53,7.19,0.0,0.0,3.07,3.0,0.0,0.0,1.0,0.0,Normal Brand
BURBERRY,26,521.0,133.0,19.0,6.0,13.0,963.0,25.53,14.29,4.51,1.85,90.65,4.42,5886.0,412771.0,3.85,16.07,0.0,0.0,2.77,0.0,3.0,0.0,1.0,1.0,Hidden Opportunity Brand
Melt Cosmetics,30,628.0,150.0,34.0,18.0,28.0,957.0,23.89,22.67,12.0,1.52,37.67,4.07,1845.0,506648.0,3.33,0.89,0.0,0.0,2.84,0.0,5.0,0.0,1.0,0.0,Hidden Opportunity Brand
EADEM,3,685.0,160.0,23.0,11.0,15.0,919.4,23.36,14.38,6.88,1.34,52.0,4.64,474.0,31740.0,4.76,36.07,91.35,5.85,3.32,2.0,0.0,1.0,0.0,0.0,Normal Brand
Topicals,6,1134.0,296.0,54.0,17.0,31.0,910.1,26.1,18.24,5.74,0.8,29.0,4.04,2348.0,386305.0,3.33,0.64,21.07,8.92,3.41,0.0,0.0,0.0,2.0,0.0,Normal Brand
Fable & Mane,13,800.0,176.0,30.0,18.0,28.0,897.1,22.0,17.05,10.23,1.12,30.77,4.3,5503.0,281350.0,1.28,8.3,0.0,0.0,2.9,4.0,1.0,0.0,0.0,0.0,Normal Brand
PATTERN by Tracee Ellis Ross,48,1247.0,304.0,57.0,27.0,51.0,870.9,24.38,18.75,8.88,0.7,18.15,4.26,1521.0,228570.0,3.13,2.83,0.0,0.0,2.83,1.0,8.0,1.0,2.0,0.0,Hidden Opportunity Brand
Westman Atelier,26,743.0,187.0,25.0,11.0,19.0,862.3,25.17,13.37,5.88,1.16,67.27,3.96,3028.0,433457.0,3.85,4.36,0.0,0.0,2.72,2.0,1.0,1.0,1.0,0.0,Normal Brand
rms beauty,11,738.0,175.0,32.0,16.0,23.0,850.6,23.71,18.29,9.14,1.15,35.64,4.24,3261.0,288265.0,10.91,10.64,0.0,0.0,3.27,2.0,2.0,1.0,1.0,0.0,Normal Brand
PROVEN Skincare,1,371.0,101.0,14.0,4.0,5.0,824.45,27.22,13.86,3.96,2.22,169.99,4.34,209.0,1660.0,20.0,0.0,81.34,7.66,3.9,0.0,0.0,0.0,1.0,0.0,Normal Brand
BREAD BEAUTY SUPPLY,15,643.0,128.0,21.0,13.0,19.0,795.8,19.91,16.41,10.16,1.24,28.13,4.34,1212.0,104731.0,0.0,7.23,0.0,0.0,2.75,1.0,0.0,1.0,0.0,0.0,Normal Brand
SKYLAR,24,533.0,131.0,18.0,7.0,12.0,789.0,24.58,13.74,5.34,1.48,60.42,4.28,5611.0,176339.0,0.0,0.78,0.0,0.0,2.74,0.0,1.0,0.0,0.0,0.0,Normal Brand
dae,18,613.0,161.0,37.0,15.0,26.0,763.4,26.26,22.98,9.32,1.25,25.72,4.36,6248.0,311716.0,0.0,12.18,0.0,0.0,3.01,1.0,4.0,0.0,0.0,0.0,Hidden Opportunity Brand
LAWLESS,24,839.0,197.0,34.0,16.0,27.0,754.4,23.48,17.26,8.12,0.9,27.46,4.24,5820.0,623944.0,0.0,0.99,3.83,0.22,2.84,2.0,1.0,0.0,0.0,0.0,Normal Brand
KAYALI,28,587.0,147.0,26.0,11.0,19.0,731.45,25.04,17.69,7.48,1.25,66.82,3.86,6340.0,689347.0,0.0,8.19,0.0,0.0,2.54,0.0,1.0,0.0,0.0,0.0,Normal Brand
NAILS INC.,25,1092.0,284.0,55.0,22.0,34.0,713.6,26.01,19.37,7.75,0.65,17.06,3.82,1578.0,277456.0,0.0,12.65,0.0,0.0,2.73,3.0,4.0,0.0,0.0,0.0,Hidden Opportunity Brand
LYS Beauty,12,849.0,238.0,48.0,24.0,38.0,713.3,28.03,20.17,10.08,0.84,18.67,4.46,2073.0,363763.0,0.0,2.31,0.0,0.0,3.47,4.0,1.0,0.0,0.0,0.0,Normal Brand
Olaplex,14,641.0,158.0,36.0,18.0,27.0,708.0,24.65,22.78,11.39,1.1,29.71,4.19,16923.0,2326883.0,8.57,8.42,0.0,0.0,3.08,2.0,1.0,0.0,1.0,0.0,Normal Brand
Dolce&Gabbana,20,438.0,83.0,12.0,3.0,7.0,695.0,18.95,14.46,3.61,1.59,86.0,4.44,11200.0,408258.0,0.0,30.89,0.0,0.0,2.51,0.0,4.0,0.0,0.0,0.0,Hidden Opportunity Brand
Ceremonia,23,1196.0,291.0,38.0,18.0,30.0,679.45,24.33,13.06,6.19,0.57,27.3,4.32,1466.0,74235.0,0.0,0.61,0.0,0.0,2.86,2.0,2.0,2.0,0.0,0.0,Normal Brand
Isle of Paradise,20,948.0,222.0,39.0,16.0,23.0,672.5,23.42,17.57,7.21,0.71,27.2,3.83,6107.0,522529.0,5.0,11.25,56.42,21.17,2.65,2.0,0.0,2.0,6.0,0.0,Customer Experience Risk Brand
Ralph Lauren,9,242.0,62.0,5.0,3.0,7.0,650.5,25.62,8.06,4.84,2.69,92.67,4.59,10273.0,70953.0,0.0,1.89,0.0,0.0,3.02,0.0,1.0,0.0,0.0,0.0,Normal Brand
Floral Street,20,372.0,88.0,11.0,7.0,12.0,630.3,23.66,12.5,7.95,1.69,49.6,3.73,3500.0,80974.0,0.0,0.96,0.0,0.0,2.64,0.0,0.0,0.0,0.0,0.0,Normal Brand
VOLUSPA,62,1160.0,285.0,43.0,14.0,23.0,622.4,24.57,15.09,4.91,0.54,27.87,4.27,2573.0,260374.0,1.61,4.03,0.0,0.0,2.64,0.0,7.0,0.0,1.0,0.0,Hidden Opportunity Brand
PHLUR,22,428.0,104.0,18.0,8.0,12.0,617.0,24.3,17.31,7.69,1.44,59.59,3.84,1712.0,171240.0,2.27,5.04,0.0,0.0,2.61,0.0,1.0,0.0,1.0,0.0,Normal Brand
19-69,14,220.0,52.0,8.0,3.0,4.0,615.0,23.64,15.38,5.77,2.8,112.86,3.72,162.0,31916.0,0.0,0.29,0.0,0.0,2.35,0.0,2.0,0.0,0.0,0.0,Normal Brand
Bon Parfumeur,17,276.0,78.0,15.0,5.0,10.0,613.05,28.26,19.23,6.41,2.22,68.94,4.55,64.0,16593.0,0.0,1.35,0.0,0.0,3.11,0.0,3.0,0.0,0.0,0.0,Hidden Opportunity Brand
INC.redible,16,1061.0,243.0,46.0,21.0,41.0,608.95,22.9,18.93,8.64,0.57,13.69,3.72,1252.0,242438.0,0.0,6.95,19.52,2.91,2.94,2.0,1.0,2.0,0.0,0.0,Normal Brand
Maison Louis Marie,30,1177.0,275.0,23.0,8.0,11.0,599.7,23.36,8.36,2.91,0.51,53.3,3.9,1179.0,176180.0,0.0,0.47,0.0,0.0,2.54,0.0,0.0,2.0,0.0,0.0,Normal Brand
HAUS LABS BY LADY GAGA,12,626.0,177.0,32.0,14.0,20.0,598.9,28.27,18.08,7.91,0.96,31.5,4.26,4428.0,663057.0,4.17,1.62,0.0,0.0,3.25,2.0,1.0,0.0,0.0,0.0,Normal Brand
ghd,19,361.0,90.0,8.0,2.0,3.0,589.0,24.93,8.89,2.22,1.63,191.74,4.13,2514.0,158413.0,0.0,0.82,0.0,0.0,2.45,0.0,1.0,0.0,0.0,0.0,Normal Brand
Buxom,7,440.0,121.0,35.0,15.0,24.0,584.75,27.5,28.93,12.4,1.33,24.0,4.23,26629.0,912033.0,0.0,1.41,0.0,0.0,3.66,2.0,1.0,0.0,0.0,0.0,Normal Brand
REFY,16,693.0,167.0,34.0,10.0,18.0,558.0,24.1,20.36,5.99,0.81,29.31,3.94,1788.0,453006.0,8.33,6.71,0.0,0.0,2.89,0.0,0.0,0.0,2.0,0.0,Normal Brand
FORVR Mood,23,390.0,87.0,16.0,8.0,14.0,547.1,22.31,18.39,9.2,1.4,43.17,3.6,314.0,61004.0,4.35,9.33,0.0,0.0,2.39,0.0,4.0,0.0,1.0,0.0,Hidden Opportunity Brand
Prada,15,344.0,82.0,9.0,4.0,6.0,546.8,23.84,10.98,4.88,1.59,82.47,4.43,7147.0,280882.0,0.0,20.68,0.0,0.0,2.83,0.0,2.0,0.0,0.0,0.0,Normal Brand
Boy Smells,31,529.0,106.0,23.0,9.0,11.0,537.1,20.04,21.7,8.49,1.02,51.58,4.22,1050.0,57285.0,0.0,4.12,0.0,0.0,2.53,0.0,4.0,0.0,0.0,0.0,Hidden Opportunity Brand
K18 Biomimetic Hairscience,5,401.0,107.0,23.0,10.0,18.0,537.0,26.68,21.5,9.35,1.34,38.4,4.6,7107.0,258834.0,0.0,1.75,0.0,0.0,3.76,3.0,0.0,0.0,0.0,0.0,Normal Brand
Dame,11,251.0,55.0,6.0,3.0,7.0,533.75,21.91,10.91,5.45,2.13,73.91,4.41,1026.0,29464.0,0.0,18.93,0.0,0.0,2.39,0.0,1.0,0.0,0.0,0.0,Normal Brand
Rossano Ferretti Parma,26,647.0,151.0,16.0,7.0,11.0,530.65,23.34,10.6,4.64,0.82,43.88,4.12,228.0,22000.0,1.92,8.34,0.0,0.0,2.47,2.0,1.0,1.0,1.0,0.0,Normal Brand
L'Occitane,22,617.0,144.0,19.0,10.0,12.0,526.5,23.34,13.19,6.94,0.85,40.55,4.37,11168.0,470947.0,1.52,1.61,12.87,3.81,2.89,0.0,4.0,1.0,2.0,0.0,Hidden Opportunity Brand
Jouer Cosmetics,16,695.0,180.0,30.0,14.0,19.0,512.75,25.9,16.67,7.78,0.74,27.81,3.93,1719.0,306507.0,0.0,1.01,0.0,0.0,2.91,1.0,1.0,2.0,0.0,0.0,Normal Brand
MERIT,10,759.0,188.0,30.0,11.0,14.0,494.0,24.77,15.96,5.85,0.65,29.4,4.39,4916.0,884854.0,10.0,1.01,9.1,0.25,3.18,1.0,0.0,0.0,1.0,0.0,Normal Brand
PMD,9,156.0,33.0,5.0,2.0,3.0,483.3,21.15,15.15,6.06,3.1,177.89,4.48,801.0,85340.0,0.0,0.52,86.91,9.5,2.52,0.0,1.0,0.0,0.0,0.0,Normal Brand
stila,11,631.0,162.0,32.0,11.0,19.0,468.4,25.67,19.75,6.79,0.74,26.91,4.1,19215.0,1326721.0,1.82,1.6,0.0,0.0,2.88,1.0,0.0,1.0,0.0,0.0,Normal Brand
Mizani,34,750.0,185.0,30.0,12.0,18.0,443.75,24.67,16.22,6.49,0.59,26.32,4.27,10968.0,159206.0,2.94,3.6,0.0,0.0,2.75,0.0,6.0,1.0,1.0,0.0,Hidden Opportunity Brand
Montblanc,8,148.0,38.0,10.0,5.0,8.0,421.75,25.68,26.32,13.16,2.85,78.88,4.46,1026.0,25303.0,0.0,13.05,0.0,0.0,3.38,0.0,3.0,0.0,0.0,0.0,Hidden Opportunity Brand
adwoa beauty,19,424.0,102.0,17.0,11.0,17.0,415.1,24.06,16.67,10.78,0.98,25.68,4.42,4053.0,139337.0,0.0,6.46,0.0,0.0,2.95,1.0,4.0,0.0,0.0,0.0,Hidden Opportunity Brand
Gisou,19,477.0,128.0,14.0,4.0,6.0,398.0,26.83,10.94,3.13,0.83,41.95,4.4,8349.0,522437.0,0.0,6.36,5.2,0.0,2.86,0.0,1.0,1.0,0.0,0.0,Normal Brand
Prima,8,463.0,79.0,11.0,6.0,11.0,395.2,17.06,13.92,7.59,0.85,38.88,4.3,984.0,48579.0,0.0,13.22,22.5,0.59,2.59,1.0,1.0,1.0,0.0,0.0,Normal Brand
Carolina Herrera,19,358.0,72.0,7.0,3.0,4.0,395.0,20.11,9.72,4.17,1.1,73.0,4.24,2565.0,380631.0,0.0,32.2,0.0,0.0,2.45,0.0,3.0,0.0,0.0,0.0,Hidden Opportunity Brand
Kaja,20,960.0,245.0,34.0,14.0,17.0,390.15,25.52,13.88,5.71,0.41,22.25,4.23,9579.0,1070375.0,2.5,6.66,0.0,0.0,3.07,1.0,4.0,1.0,1.0,0.0,Hidden Opportunity Brand
Flora + Bast,4,205.0,52.0,8.0,2.0,5.0,385.0,25.37,15.38,3.85,1.88,59.13,4.59,199.0,18343.0,0.0,0.75,67.94,4.47,3.01,0.0,0.0,0.0,0.0,0.0,Normal Brand
ABBOTT,13,212.0,53.0,10.0,2.0,4.0,331.8,25.0,18.87,3.77,1.57,54.08,4.38,172.0,20676.0,7.69,16.02,0.0,0.0,2.57,0.0,2.0,0.0,1.0,0.0,Normal Brand
DEREK LAM 10 CROSBY,3,64.0,13.0,3.0,2.0,4.0,331.5,20.31,23.08,15.38,5.18,85.0,4.07,94.0,6993.0,0.0,0.37,0.0,0.0,2.68,0.0,0.0,0.0,0.0,0.0,Normal Brand
SUNDAY II SUNDAY,12,432.0,116.0,23.0,10.0,13.0,329.6,26.85,19.83,8.62,0.76,25.33,4.45,159.0,33927.0,10.42,0.41,0.0,0.0,3.21,1.0,1.0,0.0,1.0,0.0,Normal Brand
Hanni,8,262.0,75.0,13.0,6.0,10.0,327.6,28.63,17.33,8.0,1.25,28.75,4.66,713.0,22684.0,0.0,0.48,54.96,6.18,3.31,1.0,2.0,0.0,1.0,0.0,Normal Brand
GXVE BY GWEN STEFANI,16,474.0,109.0,18.0,9.0,14.0,325.2,23.0,16.51,8.26,0.69,24.63,4.43,2569.0,179641.0,0.0,7.24,0.0,0.0,2.95,0.0,3.0,0.0,0.0,0.0,Hidden Opportunity Brand
Mount Lai,9,185.0,44.0,7.0,3.0,7.0,320.4,23.78,15.91,6.82,1.73,42.22,4.21,869.0,192052.0,0.0,0.55,79.83,14.15,2.83,0.0,0.0,0.0,0.0,0.0,Normal Brand
Koh Gen Do,2,106.0,31.0,9.0,5.0,8.0,308.7,29.25,29.03,16.13,2.91,59.5,4.23,416.0,40802.0,0.0,1.23,44.19,4.22,3.88,1.0,0.0,0.0,0.0,0.0,Normal Brand
Calvin Klein,8,180.0,38.0,4.0,2.0,3.0,306.8,21.11,10.53,5.26,1.7,83.0,4.44,1296.0,45123.0,0.0,26.27,0.0,0.0,2.61,0.0,1.0,0.0,0.0,0.0,Normal Brand
Velour Lashes,14,618.0,162.0,25.0,7.0,11.0,300.7,26.21,15.43,4.32,0.49,27.14,4.28,3957.0,240295.0,0.0,1.43,0.0,0.0,2.74,1.0,1.0,0.0,0.0,0.0,Normal Brand
Kulfi,3,168.0,53.0,12.0,6.0,12.0,291.6,31.55,22.64,11.32,1.74,24.67,4.61,659.0,61105.0,0.0,0.64,0.0,0.0,3.97,1.0,1.0,0.0,0.0,0.0,Normal Brand
Fashion Fair,9,295.0,74.0,11.0,6.0,8.0,290.25,25.08,14.86,8.11,0.98,35.56,4.56,295.0,39936.0,2.22,2.92,0.0,0.0,2.83,1.0,1.0,0.0,0.0,0.0,Normal Brand
Artist Couture,12,545.0,127.0,14.0,5.0,9.0,279.0,23.3,11.02,3.94,0.51,30.58,4.09,728.0,168479.0,0.0,8.81,0.0,0.0,2.71,0.0,1.0,1.0,0.0,0.0,Normal Brand
Sephora Favorites,7,426.0,94.0,9.0,3.0,5.0,275.5,22.07,9.57,3.19,0.65,45.0,3.86,262.0,131592.0,0.0,42.97,0.0,0.0,2.37,0.0,1.0,0.0,0.0,0.0,Normal Brand
CLEAN RESERVE,24,470.0,114.0,13.0,4.0,5.0,271.0,24.26,11.4,3.51,0.58,61.88,4.2,3172.0,274113.0,0.0,8.81,0.0,0.0,2.51,0.0,0.0,0.0,0.0,0.0,Normal Brand
Mugler,13,276.0,47.0,8.0,3.0,5.0,266.5,17.03,17.02,6.38,0.97,96.69,4.32,14144.0,266351.0,0.0,31.95,0.0,0.0,2.22,0.0,0.0,0.0,0.0,0.0,Normal Brand
Lilly Lashes,18,626.0,132.0,24.0,7.0,12.0,256.35,21.09,18.18,5.3,0.41,26.67,3.94,7011.0,163195.0,0.0,28.71,0.0,0.0,2.56,0.0,3.0,1.0,0.0,0.0,Hidden Opportunity Brand
Chloé,11,280.0,66.0,11.0,2.0,2.0,252.0,23.57,16.67,3.03,0.9,101.45,4.39,8571.0,302441.0,0.0,10.91,0.0,0.0,2.8,0.0,2.0,0.0,0.0,0.0,Normal Brand
maude,12,520.0,136.0,23.0,11.0,19.0,238.2,26.15,16.91,8.09,0.46,32.67,4.74,1194.0,64630.0,0.0,0.78,0.0,0.0,3.12,2.0,1.0,0.0,0.0,0.0,Normal Brand
Ami Colé,9,275.0,82.0,18.0,5.0,8.0,238.0,29.82,21.95,6.1,0.87,26.78,4.68,249.0,53603.0,5.56,0.49,0.0,0.0,3.07,1.0,1.0,0.0,0.0,0.0,Normal Brand
TWEEZERMAN,18,318.0,72.0,15.0,6.0,12.0,231.0,22.64,20.83,8.33,0.73,20.78,3.99,2947.0,239640.0,0.0,0.46,2.05,3.07,2.48,0.0,1.0,0.0,1.0,0.0,Normal Brand
Bio Ionic,13,238.0,42.0,7.0,2.0,4.0,213.8,17.65,16.67,4.76,0.9,163.92,3.77,651.0,78249.0,0.0,15.68,0.0,0.0,2.1,0.0,1.0,0.0,0.0,0.0,Normal Brand
Grande Cosmetics,7,477.0,93.0,10.0,5.0,8.0,200.0,19.5,10.75,5.38,0.42,27.14,3.91,3253.0,147280.0,4.76,29.47,0.0,0.0,2.6,1.0,0.0,1.0,1.0,0.0,Normal Brand
Crown Affair,12,331.0,86.0,10.0,4.0,4.0,172.3,25.98,11.63,4.65,0.52,44.17,4.54,961.0,83829.0,0.0,0.62,0.0,0.0,3.01,0.0,1.0,0.0,0.0,0.0,Normal Brand
Violet Voss,6,107.0,27.0,7.0,4.0,5.0,164.9,25.23,25.93,14.81,1.54,37.33,4.66,615.0,142361.0,0.0,1.0,0.0,0.0,3.29,0.0,4.0,0.0,0.0,0.0,Hidden Opportunity Brand
TOCCA,17,323.0,60.0,5.0,2.0,2.0,160.0,18.58,8.33,3.33,0.5,49.59,4.36,2723.0,142059.0,0.0,53.44,0.0,0.0,2.3,0.0,2.0,0.0,0.0,0.0,Normal Brand
Glamnetic,7,120.0,34.0,4.0,3.0,5.0,159.0,28.33,11.76,8.82,1.33,27.86,3.8,291.0,58922.0,0.0,0.47,0.0,0.0,2.78,0.0,0.0,0.0,0.0,0.0,Normal Brand
Aquis,1,20.0,3.0,3.0,2.0,3.0,150.0,15.0,100.0,66.67,7.5,50.0,4.9,42.0,3942.0,0.0,0.0,0.0,0.0,3.6,0.0,1.0,0.0,0.0,0.0,Normal Brand
Touchland,2,254.0,65.0,18.0,7.0,12.0,144.0,25.59,27.69,10.77,0.57,13.0,4.2,221.0,117754.0,0.0,0.69,0.0,0.0,3.63,1.0,0.0,0.0,0.0,0.0,Normal Brand
Deborah Lippmann,16,598.0,126.0,19.0,4.0,4.0,121.0,21.07,15.08,3.17,0.2,28.25,3.97,1051.0,203521.0,0.0,6.39,0.0,0.0,2.23,0.0,0.0,1.0,0.0,0.0,Normal Brand
Cinema Secrets,7,168.0,53.0,7.0,3.0,5.0,117.2,31.55,13.21,5.66,0.7,24.71,4.01,2519.0,251401.0,0.0,1.76,0.0,0.0,2.79,0.0,0.0,0.0,0.0,0.0,Normal Brand
Azzaro,2,38.0,8.0,1.0,1.0,1.0,96.9,21.05,12.5,12.5,2.55,116.0,4.72,642.0,2524.0,0.0,0.0,0.0,0.0,3.1,0.0,1.0,0.0,0.0,0.0,Normal Brand
Donna Karan,5,108.0,23.0,6.0,3.0,3.0,94.0,21.3,26.09,13.04,0.87,56.8,4.27,1260.0,66746.0,0.0,20.16,0.0,0.0,2.79,0.0,2.0,0.0,0.0,0.0,Normal Brand
DedCool,16,309.0,76.0,14.0,3.0,3.0,92.0,24.6,18.42,3.95,0.3,53.25,4.46,516.0,40376.0,0.0,0.29,0.0,0.0,2.78,0.0,2.0,0.0,0.0,0.0,Normal Brand
SIMIHAZE BEAUTY,7,102.0,32.0,6.0,2.0,2.0,77.0,31.37,18.75,6.25,0.75,33.57,3.32,269.0,32584.0,0.0,0.55,0.0,0.0,3.01,0.0,1.0,0.0,0.0,0.0,Normal Brand
Viori,5,115.0,23.0,5.0,2.0,2.0,75.0,20.0,21.74,8.7,0.65,24.6,4.61,1180.0,51161.0,0.0,0.05,0.0,0.0,2.84,0.0,2.0,0.0,0.0,0.0,Normal Brand
World of Chris Collins,12,190.0,41.0,4.0,1.0,1.0,50.0,21.58,9.76,2.44,0.26,106.67,4.22,83.0,17185.0,0.0,0.05,0.0,0.0,2.3,0.0,1.0,0.0,0.0,0.0,Normal Brand
Christophe Robin,3,115.0,14.0,2.0,1.0,1.0,47.7,12.17,14.29,7.14,0.41,43.67,3.15,1171.0,38634.0,0.0,66.67,0.0,0.0,2.17,0.0,0.0,1.0,0.0,0.0,Normal Brand
Grace Eleyae,10,204.0,51.0,3.0,2.0,3.0,38.0,25.0,5.88,3.92,0.19,27.0,4.61,496.0,37243.0,0.0,0.6,0.0,0.0,2.75,0.0,2.0,0.0,0.0,0.0,Normal Brand
54 Thrones,4,85.0,16.0,2.0,1.0,1.0,38.0,18.82,12.5,6.25,0.45,39.75,4.16,464.0,33687.0,0.0,50.34,0.0,0.0,2.31,0.0,0.0,0.0,0.0,0.0,Normal Brand
Rosebud Perfume Co.,6,138.0,34.0,9.0,4.0,4.0,29.0,24.64,26.47,11.76,0.21,7.5,4.39,12532.0,271506.0,16.67,0.73,84.4,9.01,3.4,0.0,3.0,0.0,1.0,0.0,Hidden Opportunity Brand
DUO,1,30.0,9.0,3.0,2.0,3.0,27.0,30.0,33.33,22.22,0.9,9.0,4.09,554.0,40015.0,0.0,0.0,0.0,0.0,4.15,0.0,0.0,0.0,0.0,0.0,Normal Brand
Evian,3,61.0,26.0,2.0,1.0,1.0,21.15,42.62,7.69,3.85,0.35,18.17,4.55,2025.0,69717.0,0.0,2.65,89.99,4.97,3.43,0.0,1.0,0.0,0.0,0.0,Normal Brand
The Original MakeUp Eraser,7,134.0,22.0,4.0,1.0,1.0,20.0,16.42,18.18,4.55,0.15,19.71,4.45,2694.0,142693.0,0.0,14.83,0.0,0.0,2.3,0.0,0.0,0.0,0.0,0.0,Normal Brand
The Phluid Project,9,145.0,43.0,7.0,1.0,1.0,19.0,29.66,16.28,2.33,0.13,23.89,4.33,89.0,9485.0,0.0,0.97,0.0,0.0,2.74,0.0,0.0,0.0,0.0,0.0,Normal Brand
Viseart,2,34.0,7.0,3.0,1.0,1.0,19.0,20.59,42.86,14.29,0.56,24.5,3.98,120.0,26946.0,0.0,0.41,0.0,0.0,2.5,0.0,0.0,0.0,0.0,0.0,Normal Brand
Melanin Haircare,5,114.0,26.0,3.0,1.0,1.0,17.0,22.81,11.54,3.85,0.15,23.4,4.52,183.0,31520.0,0.0,0.22,0.0,0.0,2.86,0.0,1.0,0.0,0.0,0.0,Normal Brand
Capri Blue,2,25.0,6.0,2.0,1.0,1.0,14.0,24.0,33.33,16.67,0.56,18.0,4.0,4.0,3340.0,0.0,0.0,0.0,0.0,2.85,0.0,0.0,0.0,0.0,0.0,Normal Brand
House of Lashes,4,75.0,14.0,3.0,1.0,1.0,9.0,18.67,21.43,7.14,0.12,14.25,4.12,1529.0,110860.0,0.0,51.03,0.0,0.0,2.32,0.0,0.0,0.0,0.0,0.0,Normal Brand
CANOPY,3,81.0,18.0,0.0,0.0,0.0,0.0,22.22,0.0,0.0,0.0,93.33,4.81,84.0,8347.0,0.0,1.46,27.05,3.38,2.63,0.0,0.0,0.0,0.0,0.0,Normal Brand
Jillian Dempsey,1,15.0,4.0,0.0,0.0,0.0,0.0,26.67,0.0,0.0,0.0,195.0,4.43,67.0,10451.0,0.0,1.37,86.57,11.94,2.8,0.0,0.0,0.0,0.0,0.0,Normal Brand
JIMMY CHOO,2,28.0,6.0,1.0,0.0,0.0,0.0,21.43,16.67,0.0,0.0,115.0,4.39,6.0,2852.0,0.0,50.0,0.0,0.0,2.13,0.0,0.0,0.0,0.0,0.0,Normal Brand
Atelier Cologne,2,37.0,2.0,0.0,0.0,0.0,0.0,5.41,0.0,0.0,0.0,142.0,4.36,668.0,31186.0,0.0,100.0,0.0,0.0,2.17,0.0,0.0,0.0,0.0,0.0,Normal Brand
Skin Laundry,3,177.0,24.0,1.0,0.0,0.0,0.0,13.56,4.17,0.0,0.0,15.67,4.0,206.0,12166.0,0.0,100.0,72.81,16.45,1.67,0.0,0.0,2.0,0.0,0.0,Normal Brand
Christian Louboutin,1,20.0,4.0,0.0,0.0,0.0,0.0,20.0,0.0,0.0,0.0,90.0,4.36,102.0,49836.0,0.0,1.37,0.0,0.0,2.05,0.0,0.0,0.0,0.0,0.0,Normal Brand
Google,1,20.0,1.0,0.0,0.0,0.0,0.0,5.0,0.0,0.0,0.0,129.0,4.61,23.0,3409.0,0.0,100.0,0.0,0.0,1.8,0.0,0.0,0.0,0.0,0.0,Normal Brand
Eight & Bob,1,14.0,2.0,0.0,0.0,0.0,0.0,14.29,0.0,0.0,0.0,175.0,3.5,2.0,394.0,0.0,0.0,0.0,0.0,1.4,0.0,0.0,0.0,0.0,0.0,Normal Brand
Juicy Couture,4,98.0,24.0,1.0,0.0,0.0,0.0,24.49,4.17,0.0,0.0,76.25,4.6,2001.0,98721.0,0.0,0.07,0.0,0.0,2.69,0.0,0.0,0.0,0.0,0.0,Normal Brand
RIES,2,51.0,16.0,2.0,0.0,0.0,0.0,31.37,12.5,0.0,0.0,18.0,4.4,174.0,15165.0,50.0,2.47,0.0,0.0,2.9,0.0,0.0,0.0,1.0,0.0,Normal Brand
DOMINIQUE COSMETICS,1,20.0,5.0,0.0,0.0,0.0,0.0,25.0,0.0,0.0,0.0,49.0,4.79,14.0,3494.0,0.0,0.0,0.0,0.0,2.85,0.0,0.0,0.0,0.0,0.0,Normal Brand
GLO Science,6,132.0,31.0,3.0,0.0,0.0,0.0,23.48,9.68,0.0,0.0,59.5,4.38,1339.0,174974.0,0.0,0.23,68.85,9.53,2.46,0.0,0.0,0.0,0.0,0.0,Normal Brand
OTHERLAND,15,248.0,49.0,6.0,0.0,0.0,0.0,19.76,12.24,0.0,0.0,36.0,3.87,120.0,22363.0,0.0,20.0,0.0,0.0,2.03,0.0,0.0,0.0,0.0,0.0,Normal Brand
HERETIC,8,138.0,33.0,3.0,0.0,0.0,0.0,23.91,9.09,0.0,0.0,115.0,3.77,130.0,25873.0,0.0,0.65,0.0,0.0,2.26,0.0,1.0,0.0,0.0,0.0,Normal Brand
Susteau,4,67.0,12.0,3.0,0.0,0.0,0.0,17.91,25.0,0.0,0.0,29.0,3.51,159.0,9646.0,25.0,25.28,0.0,0.0,1.94,0.0,0.0,0.0,1.0,0.0,Normal Brand
lilah b.,18,1492.0,182.0,2.0,0.0,0.0,0.0,12.2,1.1,0.0,0.0,35.11,4.1,1033.0,241894.0,0.0,94.44,7.85,1.76,1.85,0.0,0.0,9.0,0.0,0.0,Conversion Problem Brand
Erno Laszlo,3,280.0,32.0,0.0,0.0,0.0,0.0,11.43,0.0,0.0,0.0,66.67,4.76,2.0,2497.0,0.0,100.0,66.67,0.0,2.05,0.0,0.0,2.0,0.0,0.0,Normal Brand
Kopari,1,19.0,3.0,0.0,0.0,0.0,0.0,15.79,0.0,0.0,0.0,29.0,3.25,4.0,2937.0,0.0,0.0,0.0,0.0,1.65,0.0,0.0,0.0,0.0,0.0,Normal Brand
dpHUE,1,20.0,1.0,0.0,0.0,0.0,0.0,5.0,0.0,0.0,0.0,53.0,4.17,42.0,12732.0,0.0,100.0,0.0,0.0,1.35,0.0,0.0,0.0,0.0,0.0,Normal Brand
iluminage,1,17.0,2.0,0.0,0.0,0.0,0.0,11.76,0.0,0.0,0.0,449.0,3.67,100.0,14204.0,0.0,100.0,69.0,29.0,1.2,0.0,0.0,0.0,1.0,0.0,Normal Brand
BERDOUES,1,27.0,9.0,0.0,0.0,0.0,0.0,33.33,0.0,0.0,0.0,88.0,3.43,7.0,985.0,0.0,0.0,0.0,0.0,2.8,0.0,0.0,0.0,0.0,0.0,Normal Brand
L'Oreal Professionnel,3,47.0,12.0,3.0,0.0,0.0,0.0,25.53,25.0,0.0,0.0,250.0,4.29,877.0,16933.0,0.0,0.55,0.0,0.0,2.23,0.0,0.0,0.0,0.0,0.0,Normal Brand
Overose,2,34.0,13.0,0.0,0.0,0.0,0.0,38.24,0.0,0.0,0.0,58.0,2.85,14.0,3787.0,0.0,0.14,0.0,0.0,2.5,0.0,0.0,0.0,0.0,0.0,Normal Brand
Rahua,2,41.0,4.0,0.0,0.0,0.0,0.0,9.76,0.0,0.0,0.0,45.0,3.85,174.0,7647.0,0.0,100.0,0.0,0.0,1.53,0.0,0.0,0.0,0.0,0.0,Normal Brand
philosophy,1,22.0,2.0,0.0,0.0,0.0,0.0,9.09,0.0,0.0,0.0,24.0,4.29,0.0,1266.0,0.0,100.0,0.0,0.0,1.5,0.0,0.0,0.0,0.0,0.0,Normal Brand
Good Dye Young,2,109.0,13.0,0.0,0.0,0.0,0.0,11.93,0.0,0.0,0.0,18.0,3.06,389.0,24358.0,0.0,0.55,0.0,0.0,1.4,0.0,0.0,1.0,0.0,0.0,Normal Brand
Blinc,5,101.0,26.0,1.0,0.0,0.0,0.0,25.74,3.85,0.0,0.0,26.0,3.77,6039.0,68391.0,0.0,1.2,0.0,0.0,2.59,0.0,0.0,0.0,0.0,0.0,Normal Brand
The Maker,10,124.0,17.0,0.0,0.0,0.0,0.0,13.71,0.0,0.0,0.0,132.5,4.29,0.0,292.0,0.0,100.0,0.0,0.0,1.85,0.0,0.0,0.0,0.0,0.0,Normal Brand
Narciso Rodriguez,1,19.0,1.0,0.0,0.0,0.0,0.0,5.26,0.0,0.0,0.0,70.0,4.39,61.0,10488.0,0.0,100.0,0.0,0.0,1.65,0.0,0.0,0.0,0.0,0.0,Normal Brand
